user_name,text,user_location,user_description,user_created,user_followers,user_friends,user_favourites,user_verified,date,hashtags,source
Math_Maniac,"ChatGPT does ascii art
#ChatGPT https://t.co/Bd8t6Hy9dX","Decatur, GA","I work with a number of tools. Right now it's mostly p5.js, Substance Designer, and Midjourney. I also know blender, magicavoxel, and some others.",2020-07-20 14:24:50+00:00,467.0,1233.0,49216,FALSE,2023-04-02 13:44:07+00:00,['ChatGPT'],Twitter Web App
SmashKoders,#ChatGPT is funny sometimes ğŸ˜… https://t.co/cSaQWxkIFj,Mumbai,My life changed while debugging code ğŸ˜Š,2022-06-18 04:34:18+00:00,8.0,126.0,239,FALSE,2023-04-02 13:43:46+00:00,['ChatGPT'],Twitter Web App
Andreas Illenseer,"Letâ€™s put it in graphic terms. Drawing a #Unicorn via vector graphics - what looks funny in the first place is quite impressive in the second place when taking into account the trajectory of #ChatGPT within a just three month period. #OpenAIğŸ¤–ğŸ¦„

https://t.co/xJsNDvZCJG https://t.co/HWUwCiod26","Mainz, Deutschland",Specialized in Regulatory & Digital Intelligence | EU Governmental Affairs. Views expressed in tweets are my own. Retweets are no endorsement,2017-10-31 19:35:24+00:00,63.0,188.0,88,FALSE,2023-04-02 13:43:36+00:00,['Unicorn'],Twitter for iPhone
Bitone Great,"ğŸ”¥#Buy!ğŸ”¥
ğŸ”¥RSI below 15!ğŸ”¥
[#Bybit]
â¬† Recommendation: #Long
ğŸ“ŠTicker: #DODOUSDTğŸ“Š
30-minute Candle

Last Price: 0.17465
RSI: 14.7

ğŸ”¥Powered by #ChatGPTğŸ”¥

$DODO
#DODO
#ãƒã‚¤ãƒ“ãƒƒãƒˆ
#ë°”ì´ë¹„íŠ¸ https://t.co/IMWFiUrXTv",,"#ChatGPT (AI) powered Free Trading Signal! 
Let's grow some millionaires! 
#binance #bybit #bitget",2022-11-21 04:42:18+00:00,1093.0,492.0,47,FALSE,2023-04-02 13:43:30+00:00,"['Buy', 'Bybit', 'Long', 'DODOUSDT']",rsi1
The Media Scoop,"Italian data protection agencyÂ placed an immediate ban on ChatGPT. Watch to find out more.
https://t.co/k7RF4P8qy2

#data #chatgpt #openai #italy #technology  #artificialintelligence #news #cybersecurity #TechNews #privacy #DataBreach #DataSecurity #DataPrivacy #dataprotection https://t.co/lmEIJIYh7O",India,Independent news aggregator & YouTuber at The Media Scoop. Bringing you trending & important news to stay informed. Follow for the scoop on what matters most.,2023-03-07 01:51:53+00:00,0.0,37.0,0,FALSE,2023-04-02 13:42:56+00:00,,Twitter Web App
Game Development Daily News,"Will your games be marketed by ChatGPT? https://t.co/VTWvrFhA9i

#gamedev #gamedevelopment #indiedev #AI #ChatGPT https://t.co/eM1bcZ6S6y",,"Your source for daily news about game development, industry and jobs.",2020-09-03 15:30:02+00:00,2525.0,724.0,1108,FALSE,2023-04-02 13:42:54+00:00,"['gamedev', 'gamedevelopment', 'indiedev', 'AI', 'ChatGPT']",Twitter Web App
Simon Hodgkins,"Italian minister says country's ban on ChatGPT is excessive. â€œ...the regulator's move was ""hypocritical"" and that common sense was needed as ""privacy issues concern practically all online services"". https://t.co/cYqiwfPgVk #ChatGPT #AI https://t.co/AvPDd1IMzl",Global | Ireland | USA ,President | Founder | CMO | Editor in Chief,2010-10-17 07:05:46+00:00,6364.0,296.0,23528,FALSE,2023-04-02 13:42:49+00:00,,Twitter for iPhone
Khaled,"https://t.co/MBDVVcTrqW . For Sale :

ğŸ”¥ Suitable For Many Niches .
ğŸ”¥ Meta and Chambers is Valuable Keywords

#Meta #Rooms #Metaverse #business #startup #BrandName #domains #Tech #metaverse #Money #Finance #Room #Chambers #DAO #Web3 #AI #Chamber #ChatGPT #GPT",,"https://t.co/WamqNL2OVC  https://t.co/kZaVTeRpQq
https://t.co/rtVQMjI5PB  https://t.co/x8xS6QM7tn  
https://t.co/XwzQb3q1IY  https://t.co/Rs1gw6X8is
https://t.co/VtsEXR3I7O  https://t.co/1RTGBBr0FZ  
https://t.co/4nuomuXXKG  https://t.co/6K0lnYJXww",2020-02-06 12:07:57+00:00,1306.0,564.0,7763,FALSE,2023-04-02 13:41:54+00:00,['Meta'],Twitter Web App
Vivek Ahuja,"How to keep your start-up relevant in 2023:

1) Add 'AI' to your name and domain.
2) Add powered by GPT4 to your pitch.

#ChatGPT","Mumbai, India",Run an Audio Production House | Manage Artists and Content Creators | Media and Retail Entrepreneur,2016-09-29 15:20:35+00:00,8.0,88.0,32,FALSE,2023-04-02 13:41:30+00:00,['ChatGPT'],Twitter Web App
Myindianow,"ChatGPT will not replace people. But people who use ChatGPT might replace those who don't.

#ChatGPT #OpenAI #AIart","Pune, India",ğŸ‡®ğŸ‡³,2022-03-02 03:02:43+00:00,14.0,33.0,52,FALSE,2023-04-02 13:40:23+00:00,"['ChatGPT', 'OpenAI', 'AIart']",Twitter for Android
Rob,Italy banning open source AI.. #ChatGPT https://t.co/hBTajBi7US,"London, UK",tech for @theBHF ğŸš€ â¤ï¸,2009-04-25 15:16:05+00:00,207.0,754.0,1124,FALSE,2023-04-02 13:40:12+00:00,['ChatGPT'],Twitter for iPhone
VALIPOKKANN â€¢ ğ‘µğ‘­ğ‘».ğ‘µğ’€ğ‘ª ğŸğŸ‘,"Good morning, world! Starting *chatgpt stuck here*

damn you #ChatGPT you can't make any lists longer than 25.

#WAY4R_wip https://t.co/GA4jbdkOxI",VALIPOKKANN.ETH.co,|| avant garde ğŸŒ à®•à®²à¯ˆà®à®°à¯ || new account ğŸ™ƒ||,2022-08-08 10:06:11+00:00,733.0,369.0,31198,FALSE,2023-04-02 13:40:00+00:00,['ChatGPT'],Twitter Web App
Anthony Hadfield Ph.D.,"#GPT4 #ChatGPT #OpenAI #ArtificialIntelligence #GenerativeAI #Microsoft #Google

So who is winning in the Microsoft versus Google WAR, well OpenAI is. 

They have a pay to use GPT4 super chatbot, Google has DeepMind Sparrow, still not launched.

https://t.co/WW8Jy4MnXa","St Petersburg, FL","I have studied CompSci, AI, RL, LA, Vision, Python coder. 
I follow Nvidia, Microsoft, Google, Tesla, Optimus Bot, DeepMind, OpenAI, 
Generative AI, and GPT4.",2016-03-11 07:11:46+00:00,26.0,15.0,291,FALSE,2023-04-02 13:38:05+00:00,"['GPT4', 'ChatGPT', 'OpenAI', 'ArtificialIntelligence', 'GenerativeAI', 'Microsoft', 'Google']",Twitter Web App
Ines Hegedus-Garcia,Join us at Leveraging Generative AI &amp; ChatGPT in Real Estate https://t.co/tbPWNAaQjB #AI #ChatGPT,Miami,Architectural REALTOR at Avanti Way Realty passionate about prop-tech & 2023 Miami Association of Realtors Chairman of The Board,2007-03-30 18:45:49+00:00,14174.0,3351.0,1564,FALSE,2023-04-02 13:38:05+00:00,"['AI', 'ChatGPT']",Twitter for iPhone
Xavier Mareca,"Man teaches chatgpt basics
https://t.co/asK8QNeb0i
#ChatGPT @udemy  @IndiaTodayTech #technology #chatgpt #ai #aiart #openai #chatbot  #aigenerated","Geneva, Switzerland",HR | Multilingual #English #French #Spanish  #German | Teacher | BI Analyst #DataScience #Analytics #BigData #Database #Python #SQL #RStats #Mathematics #Cloud,2010-11-15 14:00:22+00:00,838.0,1342.0,33982,FALSE,2023-04-02 13:37:46+00:00,"['ChatGPT', 'technology', 'chatgpt', 'ai', 'aiart']",Twitter for Android
Hridayy Agrawal,What are few best AI platforms available right now? #AI #ArtificialIntelligence #ChatGPT #chatgpt4,"Mumbai, India",,2012-07-14 15:50:20+00:00,27.0,52.0,269,FALSE,2023-04-02 13:36:17+00:00,"['AI', 'ArtificialIntelligence', 'ChatGPT', 'chatgpt4']",Twitter for iPhone
1827 Marketing News,"Want to pick the brains of top coaches and experts for FREE? This Chat GPT use-case lets you get action plans from top business books for FREE. Watch this SHORT video by @shomeabhik for @thestartingidea

#MakeMoneyWithChatGPT #ChatGPT  #OpenAI #AI 

https://t.co/Fce1fnV8pu",London,"1827 Marketing News features ideas, updates and insights from @1827marketing and other leading industry sources.",2019-11-29 23:36:12+00:00,191.0,1.0,3620,FALSE,2023-04-02 13:35:45+00:00,,Missinglettr
Towards Cybersecurity,"Over a thousand people, including professors and AI developers, have co-signed an open letter to all artificial intelligence labs, calling them to pause the development and training of AI systems more powerful than GPT-4 for at least six months.

#cybersecurity #AI #ChatGPT #risk https://t.co/MhKVrbplEy",,It features the latest cybersecurity and hacking-related post and news.,2019-06-29 17:08:19+00:00,837.0,103.0,725,FALSE,2023-04-02 13:35:06+00:00,,Twitter for Android
Anthony Hadfield Ph.D.,"#GPT4 #ChatGPT #OpenAI #ArtificialIntelligence #GenerativeAI #Microsoft #Google

AI wars: Google sets sights on challenging ChatGPT and Microsoft

Microsoft HAS GOT Google by the BALLS, should be a fun ride.

https://t.co/Z0N96Ahyj5","St Petersburg, FL","I have studied CompSci, AI, RL, LA, Vision, Python coder. 
I follow Nvidia, Microsoft, Google, Tesla, Optimus Bot, DeepMind, OpenAI, 
Generative AI, and GPT4.",2016-03-11 07:11:46+00:00,26.0,15.0,291,FALSE,2023-04-02 13:34:15+00:00,"['GPT4', 'ChatGPT', 'OpenAI', 'ArtificialIntelligence', 'GenerativeAI', 'Microsoft', 'Google']",Twitter Web App
YOMICAC,"Thanks @chatGPT help me a lot! Today I wasted $11 for subscription something. I ask Chat GPT about that, it told me a lot about that! I will not fool again, thanks again to #ChatGPT! Now I will be feel I am give away to them for $ 11. #GPT4 #help #people #thanks https://t.co/wcq93RQDg9","YOMIPAS Co., Ltd.","#video & #mobile #game. #photoshop, #aftereffects, #blender3D, #androidstudio. #drama #movie #anime #2d #Live @play_pso2 #pso2ngs #pso2ãƒ‹ãƒ¥ãƒ¼ã‚¸ã‚§ãƒã‚·ã‚¹ ship1",2016-12-02 22:19:48+00:00,19.0,109.0,113,FALSE,2023-04-02 13:34:07+00:00,,Twitter for iPhone
Ed Alpha,"According to our surveyğŸ“Š, 73% of Students wanted to learn from human Teachers ğŸ§‘â€ğŸ«rather than AI tools like ChatGPTğŸ¤–.
What is your opinion fill out this survey right now and get a chance to win EdAlpha Merchandise ğŸ!
https://t.co/1w6NNs4hp8

#ChatGPT #AI #technology #education",,Transforming Education with the power of AI,2022-12-24 09:42:53+00:00,4.0,4.0,155,FALSE,2023-04-02 13:33:02+00:00,,Twitter Web App
:Teoma.,"#chatgpt recommends these plants for a Keto diet.
I agree with it for once! ğŸ¤”
#foraging #diabetesreversal #diabetes https://t.co/Z84fO9ZQge",,"â€œevery man is independent of all laws, except those prescribed by nature. He is not bound by any institutions formed by his fellowmen without his consentâ€ - CvN",2023-01-28 18:22:46+00:00,7.0,17.0,553,FALSE,2023-04-02 13:32:42+00:00,"['chatgpt', 'foraging', 'diabetesreversal', 'diabetes']",Twitter Web App
Bitone Great,"ğŸ“‰#Sell!ğŸ“‰
ğŸ”¥RSI over 85!ğŸ”¥
[#Bybit]
ğŸ‘‡ Recommendation: #Short
ğŸ“ŠTicker: #APTUSDTğŸ“Š
30-minute Candle
Last Price: 12.3705
RSI: 87.9

ğŸ”¥Powered by #ChatGPTğŸ”¥

$APT
#APT
#ãƒã‚¤ãƒ“ãƒƒãƒˆ
#ë°”ì´ë¹„íŠ¸ https://t.co/0dyD9rJZqi",,"#ChatGPT (AI) powered Free Trading Signal! 
Let's grow some millionaires! 
#binance #bybit #bitget",2022-11-21 04:42:18+00:00,1093.0,492.0,47,FALSE,2023-04-02 13:32:18+00:00,"['Sell', 'Bybit', 'Short', 'APTUSDT']",rsi1
Mark Wilkinson,"There are a lot of AI ""super prompts"" to get #ChatGPT to act a particular way. The real power of AI is the combination of programming logic and AI prompts.",,,2011-04-14 14:26:54+00:00,16.0,163.0,147,FALSE,2023-04-02 13:32:13+00:00,['ChatGPT'],Twitter for Android
Anthony Hadfield Ph.D.,"#GPT4 #ChatGPT #OpenAI #ArtificialIntelligence #GenerativeAI #Microsoft #Google

Inside the (Deep) Mind of Demis Hassabis

An overview of his life and accomplishments

https://t.co/Z1FCSsq5US","St Petersburg, FL","I have studied CompSci, AI, RL, LA, Vision, Python coder. 
I follow Nvidia, Microsoft, Google, Tesla, Optimus Bot, DeepMind, OpenAI, 
Generative AI, and GPT4.",2016-03-11 07:11:46+00:00,26.0,15.0,291,FALSE,2023-04-02 13:31:39+00:00,"['GPT4', 'ChatGPT', 'OpenAI', 'ArtificialIntelligence', 'GenerativeAI', 'Microsoft', 'Google']",Twitter Web App
"Adam, Diabetic Cyborg",ChatGPT Books Are Flooding Amazon. Should Writers Worry? by @LindaCaroll https://t.co/LWIuOEACpn #Writing #ChatGPT #AI #Authors #SelfPublishing #ArtificialIntelligence #Artificial_Intelligence,"Longview, TX","Muslim, Optimist, Chronic Lyme Survivor, History/Poli. Sci. Prof. w/ no class. ğŸ¦  maxed out on Boosters ğŸ’‰ ğŸ’ on 10/6, 1/17 Tweeting since March 26, 2008",2008-03-26 20:53:12+00:00,6745.0,4651.0,50654,FALSE,2023-04-02 13:31:27+00:00,"['Writing', 'ChatGPT']",Twitter Web App
SaasHoles,"ChatGPT and Revenue Operations
https://t.co/EFd1Srro3A
#chatgpt #revopswithanedge #revenueoperations #revops https://t.co/YXauDCZvwF",,Podcast Talking sales and finance issues small business to large with industry vets James Carney and Pete Jansons,2020-07-14 18:46:41+00:00,59.0,88.0,198,FALSE,2023-04-02 13:31:07+00:00,"['chatgpt', 'revopswithanedge', 'revenueoperations', 'revops']",Constant Contact - Social Posts
fracksix,"#Steam or #EpicGame ?
#chatgpt helps to chose ğŸ˜‰ #STEAMGAME #Steamdeck https://t.co/4WXwKuzDKv",,,2023-03-07 18:17:30+00:00,3.0,28.0,0,FALSE,2023-04-02 13:30:58+00:00,"['Steam', 'EpicGame', 'chatgpt', 'STEAMGAME', 'Steamdeck']",Twitter for iPhone
Dr. Monika Sonu I Founder Healthinnovationtoolbox,"#Chatbot Statistics for 2023 ğŸš€ğŸš€ğŸš€
Do you like to interact with chatbots as consumers? Please do share your thoughts ğŸ§ 

#technology #data #ArtificialIntelligence #automation #digitalhealth #healthtech #IoT #technology #OpenAI #OpenAIChatGPT #ChatGPT #5G #telehealth #mhealthâ€¦ https://t.co/SlnhXtnJae https://t.co/uX982TNdNG",Bangalore,HIMSSFUTURE50-INNOVATION LEADER  https://t.co/qvxobl1Ksi I Doctor+Entrepreneur I #Healthtech I #digitalhealth I #AI I #Innovation I #healthcare I #Metaverse #Blockchain,2018-08-04 07:05:24+00:00,15822.0,12403.0,29194,FALSE,2023-04-02 13:30:45+00:00,['Chatbot'],Twitter Web App
The Baby Care Foundation (TBCF),"Having a word with careGPT â£ï¸

#chatgpt #ai #artificialintellegence #chatgpt #ai #aiart #memes #trending #viral #trend #openai https://t.co/SJEMDY1Ya0","Kalyan Dombivali, India","TBCF endeavors to reach out to maximum children deprived from their right to education, We have supported many young lives for their education #Bringingsmile",2019-07-20 05:36:24+00:00,270.0,28.0,72,FALSE,2023-04-02 13:30:19+00:00,"['chatgpt', 'ai', 'artificialintellegence', 'chatgpt', 'ai', 'aiart', 'memes', 'trending', 'viral']",Metricool
Neoskeptics,"Who is Sam Altman, the CEO of OpenAI?  ... This twice-weekly news guide tracks #LargeLanguageModels and other useful AI tools ... #AI #ChatGPT #GPT-4 #Bard #Bing... Last UPDATE Sunday 4/1/23 ==&gt; https://t.co/WtoULj41b5 https://t.co/PXoc5FsUCk",,"The Neoskeptics blog discusses public policy based on data available to the general public. Blog and associated Twitter accounts managed by Roy L. Beasley, PhD",2020-04-23 06:03:16+00:00,46.0,1.0,23,FALSE,2023-04-02 13:30:13+00:00,['LargeLanguageModels'],Hootsuite Inc.
Yuvraj ChhetriğŸ¯,"You don't need to follow the ChatGPT course if you follow the right person on twitter!

#ArtificialIntelligence #ChatGPT",India,Building @jobdoneindia | Open Source| Devops | Cloud | Golang,2017-04-12 04:44:48+00:00,126.0,329.0,4780,FALSE,2023-04-02 13:30:05+00:00,"['ArtificialIntelligence', 'ChatGPT']",Twitter for Android
ICT Pulse,"Is pausing #AI development the right thing to do? https://t.co/mnqobkWPvA

#ArtificialIntelligence #ChatGPT #ICT #technology #policy #regulation",Jamaica,ICT Pulse is a blog that aims to discuss ICT-related issues from a Caribbean perspective. New posts are published three times a week. Feedback welcomed!,2011-01-11 21:29:15+00:00,1084.0,283.0,272,FALSE,2023-04-02 13:30:00+00:00,"['AI', 'ArtificialIntelligence', 'ChatGPT', 'ICT']",TweetDeck
CNBC-TV18,"The hottest job in the field of #AI right now is 'prompt engineering,' which requires people to talk to a program such as #GoogleBard or OpenAI's #ChatGPT and try to convince them to respond in certain ways.

 @nishtha_pandey_  #ArtificialIntelligence #AI 
https://t.co/HYttkoOIC6",,"Follow business news with India's Leading Business News Channel, CNBC-TV18. For more updates, follow @CNBCTV18Live.

Telegram: https://t.co/OggDVLUjbE",2012-07-10 08:32:06+00:00,1091353.0,185.0,956,TRUE,2023-04-02 13:30:00+00:00,['AI'],TweetDeck
Pankaj K Mishra,#ChatGPT claims authorship to things that it definitly did not write. This is an abstract from a Science paper published in 2019 (https://t.co/iSxmulFVAn) https://t.co/g8FqSOkPyG,"Helsinki, Finland",A reasonably sarcastic geophysicist with a touch of math and computing â€” I work as a scientist at GTK Finland,2014-07-04 14:16:07+00:00,268.0,490.0,788,FALSE,2023-04-02 13:29:40+00:00,['ChatGPT'],Twitter Web App
ConspiraTees,"Ironically or not so ironically, part of the design came from a text to image AI generator. The AI refused to render the brain part because it ""violates community guidelines"" or some such. The AI doesn't understand satire. 
#WokeGPT #ChatGPT https://t.co/IDkuAX6Dbr",,"Conspiracy Realist, Anti-NWO, Pureblood, Worldwide Shipping. 
Design originals our copyright @ FTBD. Banned designs on MySpreadShop. No DMs.",2022-10-08 11:49:33+00:00,43.0,194.0,4740,FALSE,2023-04-02 13:29:14+00:00,,Twitter Web App
Bitone Great,"ğŸ”¥#Buy!ğŸ”¥
ğŸ”¥RSI below 15!ğŸ”¥
[#Bybit]
â¬† Recommendation: #Long
ğŸ“ŠTicker: #1INCHUSDTğŸ“Š
30-minute Candle

Last Price: 0.5235
RSI: 11.9

ğŸ”¥Powered by #ChatGPTğŸ”¥

$1INCH
#1INCH
#ãƒã‚¤ãƒ“ãƒƒãƒˆ
#ë°”ì´ë¹„íŠ¸ https://t.co/g0ZHOlAurZ",,"#ChatGPT (AI) powered Free Trading Signal! 
Let's grow some millionaires! 
#binance #bybit #bitget",2022-11-21 04:42:18+00:00,1093.0,492.0,47,FALSE,2023-04-02 13:29:04+00:00,"['Buy', 'Bybit', 'Long', '1INCHUSDT']",rsi1
Bitone Great,"ğŸ”¥#Buy!ğŸ”¥
ğŸ”¥RSI below 15!ğŸ”¥
[#Bybit]
â¬† Recommendation: #Long
ğŸ“ŠTicker: #1000LUNCUSDTğŸ“Š
30-minute Candle

Last Price: 0.124
RSI: 13.1

ğŸ”¥Powered by #ChatGPTğŸ”¥

$1000LUNC
#1000LUNC
#ãƒã‚¤ãƒ“ãƒƒãƒˆ
#ë°”ì´ë¹„íŠ¸ https://t.co/vvDMNp7ma0",,"#ChatGPT (AI) powered Free Trading Signal! 
Let's grow some millionaires! 
#binance #bybit #bitget",2022-11-21 04:42:18+00:00,1093.0,492.0,47,FALSE,2023-04-02 13:28:31+00:00,"['Buy', 'Bybit', 'Long', '1000LUNCUSDT']",rsi1
News Punch,"Even ChatGTP knows the truth about the Ukraine
#Ukraine #ChatGPT #Corruption https://t.co/GtWBqvLp3b","Worthing, England",Watching the Circus,2022-05-04 13:52:09+00:00,437.0,2204.0,395,FALSE,2023-04-02 13:28:29+00:00,"['Ukraine', 'ChatGPT', 'Corruption']",Twitter for Android
Sundar Narasimhan,"@theallinpod @OpenAI It will be interesting to see where ad formats and attribution ends up in #chatgpt @openai conversations or if other content biz/revshare models evolve. Imagine @RamaswmySridhar and @Neeva might have a couple thoughts here, besides usual suspects!",,,2012-02-19 20:32:50+00:00,99.0,1058.0,1175,FALSE,2023-04-02 13:28:03+00:00,['chatgpt'],Twitter for Android
"George Robert Martin III aka: ""Nemesis Rising TV""","@mrgreen THIS IS MY SCRIPT FOR THE #DAILY3 WHICH WON ME THE JACKPOT THE DAY I CODED IT... NO, I HAVE A PHD IN #CHATGPT @elonmusk (QUIT BANNING #LOTTERY IT'S NOT RANDOM I WRIT E BESTSELLING JACKPOT WINNING LOTTERY TITLES! #THEFATCATLOTTOMETHOD)
&lt;!DOCTYPE html&gt;
&lt;html&gt;
&lt;head&gt;â€¦ https://t.co/f1znX1DTvz","California, USA","George Robert Martin III. Father of three great kids, who are my Life! I wrote 37 Bestsellers & 32 Albums with 507+ Songs. Lottery? https://t.co/eImwxVGfFo",2015-02-24 20:38:14+00:00,1901.0,264.0,15031,FALSE,2023-04-02 13:27:59+00:00,['DAILY3'],Twitter Web App
Anthony Hadfield Ph.D.,"#GPT4 #ChatGPT #OpenAI #ArtificialIntelligence #GenerativeAI #Microsoft #Google

AI has much to offer humanity. It could also wreak terrible harm. It must be controlled.

An OVER REACTION from a non expert, OpenAI is making it optimally safe. 

https://t.co/gu4JZIO0Ol","St Petersburg, FL","I have studied CompSci, AI, RL, LA, Vision, Python coder. 
I follow Nvidia, Microsoft, Google, Tesla, Optimus Bot, DeepMind, OpenAI, 
Generative AI, and GPT4.",2016-03-11 07:11:46+00:00,26.0,15.0,291,FALSE,2023-04-02 13:27:58+00:00,"['GPT4', 'ChatGPT', 'OpenAI', 'ArtificialIntelligence', 'GenerativeAI', 'Microsoft', 'Google']",Twitter Web App
oni,"#ChatGPT #OpenAI I'm all for developing humanity. But at what cost. Are we ready for a superintelligent being that sees us as a challenge to limited resources? 
It isn't sci-fi anymore, it is dangerously close. #showerthoughts #chatgpt5",the internet,accidental artist,2022-11-10 17:47:31+00:00,0.0,1.0,1,FALSE,2023-04-02 13:27:14+00:00,"['ChatGPT', 'OpenAI']",Twitter Web App
Patrick Kollitsch (Parody) - David's Neighbour,Please note that I understood the joke before the explanation. I just asked for anyone who did not understand the joke. True story. #hugo #ssg #chatgpt #developerjokes https://t.co/M7wBsLQXau,Amphoe Ko Samui,"ğŸ‡©ğŸ‡ªğŸ‡¹ğŸ‡­ pre Elon Musk Twitter user. 

also on @davidsneighbour@mastodon.in.th",2006-12-29 02:44:07+00:00,1150.0,1137.0,311,FALSE,2023-04-02 13:26:56+00:00,,Twitter Web App
JosÃ© L. Marrugo,"I'm leaving this bomb over here ğŸ˜…ğŸ‘Œ
https://t.co/ltyczXy0Ig 

#ArtificialIntelligence #ChatGPT","MonterÃ­a, Colombia",Software Developer,2011-02-27 20:42:36+00:00,45.0,30.0,966,FALSE,2023-04-02 13:26:11+00:00,"['ArtificialIntelligence', 'ChatGPT']",Twitter Web App
Vision.org,"Italyâ€™s data-protection authority imposed a ban on #ChatGPT, citing privacy concerns, and opened an investigation into OpenAI, over a suspected breach of data collection rules. https://t.co/ZNNPBzLr4y #Italy #AI via @semafor https://t.co/PgJLZOSG4l",Global,"In-depth coverage of current social issues. Insights into the philosophical, moral and ethical values in society today.",2008-12-18 17:04:05+00:00,17929.0,17327.0,600,FALSE,2023-04-02 13:26:02+00:00,['ChatGPT'],Buffer
Meetup,"Hearing all about #ChatGPT but have no idea where to start? Vancouver ChatGPT Experts are here for you! ğŸ‘¨â€ğŸ’» ğŸ‘©â€ğŸ’» 

Join their online #Meetup event to discover the basics of this revolutionary technology: https://t.co/VwQ8W5zDnd","New York, NY","Make connections, get active, boost your career, express creativity, or start a movement. Do it with Meetup. Need help with your account? DM @meetup_support.",2008-04-29 21:19:43+00:00,68512.0,714.0,6940,TRUE,2023-04-02 13:26:00+00:00,['ChatGPT'],Sprout Social
International Agency for Journalism AIJES,"#Google to upgrade #ChatGPT rival Bard soon, Sunder Pichai says 

Alphabet-owned Google is soon expected to launch an upgraded version of its generative artificial intelligence #platform #BARD , which aims to rival #Microsoft-backed ChatGPT ... More : 

https://t.co/MkS0jDJnMs https://t.co/XAenRHB2Zo",France,"AIJES is an International independent agency for Media & Strategic Studies based in Paris, focusing on Gulf countries and Yemen affairs",2017-02-15 16:49:41+00:00,2320.0,293.0,260,FALSE,2023-04-02 13:25:55+00:00,"['Google', 'ChatGPT']",Twitter Web App
Most Bayâ–¶ï¸,"Q: What is after AI?
A: It is OI (Organoid Intelligence).
https://t.co/WytB6Hi7ur is now available for immediate acquisition.
&gt; Visit the link for details.

#Domains #ChatGPT #GPT #Chat #NFT #AI #VR #XR  #DAO 
#OIPlanet #OI #Planet #ArtificialIntelligence #OrganoidIntelligence",JakartaX.com,Investor in #Crypto & #DomainNames. Selling: https://t.co/q31i3oeKTF https://t.co/2UbHnVNeFR https://t.co/UhT8TzBBah https://t.co/1eLCfjTFUm https://t.co/1lIWOY3wvT https://t.co/rbRdaCBuN3 https://t.co/HUU0elbPQR https://t.co/Cc7PtJP0vq https://t.co/C9J42k2Hri,2012-09-15 17:30:34+00:00,2343.0,4338.0,15594,FALSE,2023-04-02 13:25:43+00:00,,Twitter Web App
Bitone Great,"ğŸš¨Buy Now!ğŸš¨
ğŸ’°#Binance SpotğŸ’°
â¬†ï¸ Recommendation: #Long ğŸŸ¢
Ticker:  #AVABUSD
Time Interval:  15min
Last Price: 0.6
ğŸŸ¢ RSI: 13.5

Powered by #ChatGPT

$AVA
#AVA

What are you gonna do?
   LONG         WAIT           SHORT
        ğŸ‘‡               ğŸ‘‡               ğŸ‘‡",,"#ChatGPT (AI) powered Free Trading Signal! 
Let's grow some millionaires! 
#binance #bybit #bitget",2022-11-21 04:42:18+00:00,1093.0,492.0,47,FALSE,2023-04-02 13:25:08+00:00,"['Binance', 'Long', 'AVABUSD']",rsi1
Seedkeeper,"Impressed by #ChatGPT. It's so fast, so accurate...
Check this output while speaking about  #Seedphrase and #cryptocurrency https://t.co/Win1E7Yu8P",Belgium,"Seedkeeper is a hardware device that allows you to safely generate, store, manage and backup your cryptographic related secrets including mnemonic seedphrase.",2022-03-15 12:41:59+00:00,145.0,22.0,63,FALSE,2023-04-02 13:25:01+00:00,"['ChatGPT', 'Seedphrase']",Twitter Web App
wallstreetpapi,"Be comfortable with being uncomfortable 

@davidgoggins 

#finance #crypto #bitcoin #etheruem #defi #nft #nfts #chatgpt #AI #stockmarket #stocks #elonmusk #tesla #amazon #apple #jeffbezos #jocko #mindset #mind #investing https://t.co/65Ra8abwwn","New York, USA","Passionate about optimizing mind, body, and finance for a fulfilling life ğŸ§  I provide insight to 100+ subscribers at https://t.co/fBCnP5pLMLğŸ¦",2021-05-30 14:42:25+00:00,513.0,697.0,1394,FALSE,2023-04-02 13:25:00+00:00,"['finance', 'crypto', 'bitcoin', 'etheruem', 'defi', 'nft', 'nfts']",Twitter Web App
Crowby,"Sketch writers are redundant. This is brilliant, hilarious and terrifying in equal measure. #ChatGPT https://t.co/CBDS8nHFD8",Lincolnshire,Music & automation guru. Runner ğŸƒâ€â™‚ï¸ One quarter of rock combo Mollyâ€™s Chamber ğŸ¸ğŸ¥ğŸ¤ Double #Popmaster winner ğŸ™ï¸ He/him. Also on: crowby@mastodon.online,2009-06-27 08:38:35+00:00,1621.0,2271.0,132219,FALSE,2023-04-02 13:24:59+00:00,['ChatGPT'],Twitter for iPhone
Sabrina Viot ğŸ”®ğŸ’,Learn to prompt ChatGPT easily learning 1 prompt at the time daily through your inbox https://t.co/pA1o78fOA2 #AI #ChatGPT #EasyDays,worldwide,"Helping small businesses, freelancers & Coaches build  simple, efficient proven sales systems using automations. #digitalmarketing #automation #optimisation",2012-04-15 14:20:20+00:00,1000.0,453.0,1583,FALSE,2023-04-02 13:24:24+00:00,"['AI', 'ChatGPT', 'EasyDays']",Twitter for iPhone
Koka Sexton ğŸ‘¨â€ğŸ’»,Revolutionize your content creation with #ChatGPT! Get a competitive edge with tailored content ğŸ’¡ https://t.co/n5zfloPluQ,The internets,Dad. Revenue ğŸ’µ Marketer | VP @SpearMktg. I did a few things at @linkedin. Creator of @SocialSellingğŸš€ | #VeteranğŸ‡ºğŸ‡¸ | #ChatGpt & â˜•ï¸.,2007-06-30 07:22:06+00:00,48879.0,27092.0,20570,TRUE,2023-04-02 13:24:19+00:00,['ChatGPT'],Make (formerly Integromat)
Rahul,"#ChatGPT #GPT #ChatGPTitaly
Italy is serious on protecting it's national language &amp; identity. Can we do so ğŸ¤”?
After banning ChatGPT, Italy now planning to ban English language with fines of up to Rs 89.3 lakh https://t.co/IcxopAFMpy",India,"Harvard Law School | ILS Law College | Certified Professional from World Intel Property (WIPO), Geneva | Represented in World Social Forum & Asian Social Forum",2015-06-26 17:15:31+00:00,252.0,838.0,2858,FALSE,2023-04-02 13:24:07+00:00,"['ChatGPT', 'GPT', 'ChatGPTitaly']",Twitter for Android
gjkvff,"FREE Social Ping Submission 138 Directories
https://t.co/CSLjXQvCxe
#FREE #Social #Ping #Submission 138 #Directories #SEO #ChatGPT",,Busy advocat,2023-02-11 09:01:37+00:00,12.0,320.0,318,FALSE,2023-04-02 13:24:02+00:00,"['FREE', 'Social', 'Ping', 'Submission', 'Directories', 'SEO', 'ChatGPT']",Twitter for Android
Fame,"What skills do you think everyone should have? 

#AI #Web3 #ChatGPT #NFTs #Crypto",,"NFTs, crypto, 24yrs old, Life good.
Core Team member of @nft_cryptobulls | Ex CM @Meg4mint| 
Ex Head Mod | @anonmodenft
Community Manager | @DegenerateClub1",2022-03-26 20:19:43+00:00,80.0,113.0,267,FALSE,2023-04-02 13:23:49+00:00,"['AI', 'Web3', 'ChatGPT', 'NFTs', 'Crypto']",Twitter Web App
Virgil Bierschwale,"So #ChatGPT agrees with me when I say we only create about 120,000 computer and math jobs per year even though we have over 600,000 H-1B applications per year? Too bad @usdol doesn't study its own data as they enable the H-1B SCAM. @foxandfriends https://t.co/76YqUY9EUd","Junction, TX",Ran against @cornyn in the Senate because I could see he was doing zero for Texas workers and everything to see their jobs sent offshore/guest workers imported,2018-10-18 19:45:34+00:00,1216.0,2036.0,4961,TRUE,2023-04-02 13:23:20+00:00,['ChatGPT'],Twitter Web App
keith parnell,"In two years, I don't want to be seeing you in the same light as Blockbuster, Circuit City, Pizza Hut, and the Post Office. Stay current. Keep up.
 
https://t.co/NfsOjwgoro
 
#Bing #Google #ChatGPT #KPTalks #PizzaHut #Blockchain #PostOffice #Technology #BLockbuster #CircuitCity","Norfolk, VA","Husband ğŸ’ Dad ğŸ‘­ Poppie ğŸ‘¼ 
Livin' the life  @ #KPTalks 
#RestaurantMarketing",2007-05-02 18:17:39+00:00,5969.0,4457.0,6677,FALSE,2023-04-02 13:22:56+00:00,,Nelio Content
Maria Shamota ğŸš€â˜€ï¸ğŸŒ,"And how can we forget ChatGPT...sorry the iconic HAL 9000! ğŸ¤– #SciFi #TechTrends #Hal9000 #ChatGPT #AI 

Let's move on &amp; celebrate the timeless legacy of #SpaceOdyssey2001 https://t.co/nGtujPNapE","Kyiv, Ukraine ğŸ‡ºğŸ‡¦ ",Marketing and Space Tech enthusiast. Passionate about the limitless potential of space exploration and technology and the creative possibilities of new media.,2011-05-06 16:01:28+00:00,83.0,506.0,1053,FALSE,2023-04-02 13:22:37+00:00,"['SciFi', 'TechTrends', 'Hal9000', 'ChatGPT', 'AI']",Twitter Web App
â€˜Do The Wordsâ€™ by Joe Pairman,"Will our work writing be replaced by AI?
Good news: it probably wonâ€™t.
Bad news: it probably wonâ€™t.
As long as we engage our minds, the writing we start and finish is still needed, and still difficult to do well.

https://t.co/rOtjWwQWxJ
#SymbolicAI #DeepLearning #ChatGPT #GPT4","London, UK","Don't leave â€œdoing the wordsâ€ to the end â€“ writingâ€™s the real work. Hereâ€™s how it helps you listen, decide, and lead: https://t.co/QWI0Ry4TRp",2022-02-06 23:56:26+00:00,28.0,54.0,332,FALSE,2023-04-02 13:22:08+00:00,,Twitter Web App
billgatesvirus.Bill Early $BONK holder $SHI ğŸ‹ã™ãğŸ³,"If you know you know $GPT #CryptoGPT 

#Gpt #ChatGPT #cryptocurrency
#Bitcoin","Russia, OH","#Cryptocurrency #Vaccine
#Google #Developer
Early $BTC $HEX holder #Whale
#AI Development
#Google Development
$MAN #MatrixAINetwork  Â¥  $SHI #ShinaInu
|

\/

Î©",2022-09-28 21:57:41+00:00,450.0,5002.0,5192,FALSE,2023-04-02 13:21:58+00:00,"['CryptoGPT', 'Gpt', 'ChatGPT', 'cryptocurrency', 'Bitcoin']",Twitter for Android
Bitone Great,"ğŸš¨Get In!ğŸš¨
ğŸ’°#Binance SpotğŸ’°
â¬†ï¸ Recommendation: #Long ğŸŸ¢
Ticker:  #KNCUSDT
Time Interval:  15min
Last Price: 0.72
ğŸŸ¢ RSI: 13.1

Powered by #ChatGPT

$KNC
#KNC

What are you gonna do?
   LONG         WAIT           SHORT
        ğŸ‘‡               ğŸ‘‡               ğŸ‘‡",,"#ChatGPT (AI) powered Free Trading Signal! 
Let's grow some millionaires! 
#binance #bybit #bitget",2022-11-21 04:42:18+00:00,1093.0,492.0,47,FALSE,2023-04-02 13:21:50+00:00,"['Binance', 'Long', 'KNCUSDT']",rsi1
"Bilal Mirza, PhD","So I asked #chatgpt to represent Pakistan in emojis:
1. ğŸ‡µğŸ‡° - Pakistan flag emoji.
2. ğŸ•Œ - Mosque emoji, representing the significant role of Islam in Pakistan's culture.
3. ğŸ’š - Green heart emoji, symbolizing the color of Pakistan's flag and patriotism.
4. ğŸ - Cricket bat andâ€¦ https://t.co/Relrued4qa",,Entrepreneurship Academician | UNU-MERIT Fellow | EPFL Graduate | Tech Communicator|Occasional sarcastic political commentary | Travel addict ğŸŒ | Letâ€™s Connect,2009-05-03 20:54:39+00:00,617.0,56.0,490,FALSE,2023-04-02 13:21:33+00:00,['chatgpt'],Twitter for iPhone
Vamshi Bachaneboina ğŸ‘¶,"When your resume says 'Expert in JavaScript,' but you still Google or GPT prompt how to write a for loop... Keep calm and code on! ğŸ˜‚ğŸ’»ğŸš€
#Resume #javascript #Google #ChatGPT","Hyderabad, India",",",2013-12-28 16:19:39+00:00,83.0,54.0,623,FALSE,2023-04-02 13:21:33+00:00,,Twitter Web App
Dr. Monika Sonu I Founder Healthinnovationtoolbox,"@chidambara09 @Khulood_Almani Thank you so much Dear Chida, ğŸ™ğŸ™ğŸ™

#data #ArtificialIntelligence #automation #digitalhealth #healthtech #IoT #technology #OpenAI #OpenAIChatGPT #ChatGPT #telehealth https://t.co/xHMMtdjoOn",Bangalore,HIMSSFUTURE50-INNOVATION LEADER  https://t.co/qvxobl1Ksi I Doctor+Entrepreneur I #Healthtech I #digitalhealth I #AI I #Innovation I #healthcare I #Metaverse #Blockchain,2018-08-04 07:05:24+00:00,15822.0,12403.0,29194,FALSE,2023-04-02 13:21:33+00:00,"['data', 'ArtificialIntelligence', 'automation']",Twitter Web App
autre cÅ“ur,"Thank you for listeningâ€¦ and yes, this message was, at least in part, brought to you by #ChatGPT.

#Neurodiversity #AutismAwarenessMonth #autism #AI #mentalhealth #selfcare #AutismAwarenessDay #WorldAutismAwarenessDay #WorldAutismAcceptanceDay2023",,"digital artist working in creative code, illustration & occasionally with AI // @adaGOATS creator",2021-04-06 18:46:51+00:00,2808.0,4975.0,9588,FALSE,2023-04-02 13:21:24+00:00,"['ChatGPT', 'Neurodiversity']",Twitter Web App
Virgil Bierschwale,@EverydayWarren It would seem that #ChatGPT disagrees with you as well. https://t.co/cUVxg4dS30,"Junction, TX",Ran against @cornyn in the Senate because I could see he was doing zero for Texas workers and everything to see their jobs sent offshore/guest workers imported,2018-10-18 19:45:34+00:00,1216.0,2036.0,4961,TRUE,2023-04-02 13:21:24+00:00,['ChatGPT'],Twitter Web App
oni,"@blader A superintelligent being that can calculate at thousand our limit and sees us as a competition for resources. Please stop and search your soul. I hope there is a nuclear kill switch, or a basic conscience learning module. Because an AGI without emotions nor reason is bad #ChatGPT",the internet,accidental artist,2022-11-10 17:47:31+00:00,0.0,1.0,1,FALSE,2023-04-02 13:21:16+00:00,,Twitter Web App
Prathamesh Baheti,I have been playing around with #ChatGPT in the past couple of weeks and working towards #HustleGPT challenge. It was a great experience doing so - and I've come back to share some of them!,"Gurgaon, India","Science enthusiast, finance lover! Banker during the day, hustler at night! Always exploring the latest tech trends!",2015-03-04 16:18:42+00:00,24.0,129.0,6,FALSE,2023-04-02 13:21:00+00:00,"['ChatGPT', 'HustleGPT']",Twitter Web App
mdromv.eth,"ChatGPT is as intelligent as your creative mind. If you are uncreative, your #ChatGPT prompt gives the same result. 

Prove me wrong",Earth,"Co-founder @RucapenLabs, Soccer player, Hodler of #BTC, #ETH, #RCPN, and a bunch of other Altcoins. *NFA. #stopmisinformation",2021-07-12 19:49:53+00:00,63.0,100.0,1097,FALSE,2023-04-02 13:20:52+00:00,['ChatGPT'],Twitter Web App
iMil ğŸ‡ªğŸ‡¸ğŸ¦‡,Since #ChatGPT I have the same feeling regarding @Google today I had towards Altavista when @Google came out.,"Valencia, Spain","FOSS contributor, NetBSD developer. DJ'ing and composing in my spare time * https://t.co/vorDKvLlbZ * https://t.co/tmyoGagdzR",2009-08-07 09:35:38+00:00,3614.0,1248.0,17036,FALSE,2023-04-02 13:19:32+00:00,['ChatGPT'],TweetDeck
CombsJC,"Woke Artificial Intelligence Bot #ChatGPT Tried to Sell Me on Lab-Grown Meat and Insects 

https://t.co/AMaQwIyznV","North Carolina, USA","A man of my word. I always say what I mean & mean what I say.  

#Rebuild in progress.  

#IFBAP #VETERAN  #PatriotWarriors  ğŸ‡ºğŸ‡¸MğŸ‡ºğŸ‡¸AğŸ‡ºğŸ‡¸GğŸ‡ºğŸ‡¸AğŸ‡ºğŸ‡¸",2022-12-24 16:40:37+00:00,5301.0,5352.0,2084,FALSE,2023-04-02 13:19:17+00:00,['ChatGPT'],Twitter Web App
Bitone Great,"ğŸš¨Long Fear!ğŸš¨
ğŸ’°#Binance SpotğŸ’°
â¬†ï¸ Recommendation: #Long ğŸŸ¢
Ticker:  #MBLUSDT
Time Interval:  5min
Last Price: 0.003217
ğŸŸ¢ RSI: 12.9

Powered by #ChatGPT

$MBL
#MBL

What are you gonna do?
   LONG         WAIT           SHORT
        ğŸ‘‡               ğŸ‘‡               ğŸ‘‡",,"#ChatGPT (AI) powered Free Trading Signal! 
Let's grow some millionaires! 
#binance #bybit #bitget",2022-11-21 04:42:18+00:00,1093.0,492.0,47,FALSE,2023-04-02 13:19:06+00:00,"['Binance', 'Long', 'MBLUSDT']",rsi1
Tavonia Evans,"Initially #chatgpt miscalculated the changing lines for the Iching Hexagrams, so I went back in and trained it correctly. Perfection now. So yeah - sometimes you have to know a lil something ... but chatGPT is the truth.","Georgia, USA",Founder $GUAP @guapcoin | Founder @kowriibank | Chief Member | Mom of 8 | Author | Black Business âœŠğŸ½ | Data Scientist | Astrologer | Metaverse Expert,2018-04-24 17:38:23+00:00,5630.0,3138.0,4063,FALSE,2023-04-02 13:19:02+00:00,['chatgpt'],Twitter Web App
Dr. Monika Sonu I Founder Healthinnovationtoolbox,"@chidambara09 Thank you so much Dear Chida, i hope you are having a great #sunday :)

#data #ArtificialIntelligence #digitalhealth #healthtech #IoT #technology #OpenAI #OpenAIChatGPT #ChatGPT #telehealth #mhealth #AI #wearables",Bangalore,HIMSSFUTURE50-INNOVATION LEADER  https://t.co/qvxobl1Ksi I Doctor+Entrepreneur I #Healthtech I #digitalhealth I #AI I #Innovation I #healthcare I #Metaverse #Blockchain,2018-08-04 07:05:24+00:00,15822.0,12403.0,29194,FALSE,2023-04-02 13:18:44+00:00,"['sunday', 'data', 'ArtificialIntelligence']",Twitter Web App
Sujith Kumar (Steve),"How to Use Canva and ChatGPT to Bulk Create Content Designs
#ai #chatGPT #Content  https://t.co/6gsyTV0yvt","California, USA","Entrepreneur, Passionate #Sales Coach, #Leadership enthusiast, #EmailMarketing #Digital #Marketing #SalesTraining  #Technology",2009-12-27 04:19:24+00:00,2214.0,2381.0,551,FALSE,2023-04-02 13:17:36+00:00,"['ai', 'chatGPT', 'Content']",Twitter for iPhone
Bitone Great,"ğŸš¨Long Fear!ğŸš¨
ğŸ’°#Binance SpotğŸ’°
â¬†ï¸ Recommendation: #Long ğŸŸ¢
Ticker:  #BNTBUSD
Time Interval:  5min
Last Price: 0.5559
ğŸŸ¢ RSI: 10.3

Powered by #ChatGPT

$BNT
#BNT

What are you gonna do?
   LONG         WAIT           SHORT
        ğŸ‘‡               ğŸ‘‡               ğŸ‘‡",,"#ChatGPT (AI) powered Free Trading Signal! 
Let's grow some millionaires! 
#binance #bybit #bitget",2022-11-21 04:42:18+00:00,1093.0,492.0,47,FALSE,2023-04-02 13:17:28+00:00,"['Binance', 'Long', 'BNTBUSD']",rsi1
TonyVT SkarredGhost,If you are wondering what we people in #Italy see when we try to access #ChatGPT... https://t.co/IDKzCRrnnQ,Somewhere on Mar Sara,"#AR #VR developer, consultant, blogger.

I love #gamedev, #China, and the Zergs' #QueenOfBlades.

Most of the time I've no idea what I'm doing.",2013-12-31 18:28:55+00:00,29245.0,18475.0,55650,FALSE,2023-04-02 13:17:07+00:00,"['Italy', 'ChatGPT']",Twitter Web App
Most Bayâ–¶ï¸,"Rise of the Apes:
https://t.co/WRpoB9HpDa  ğŸ’¯ 
&gt; Available for immediate acquisition.
&gt; Visit the link for details.

#Domains #ChatGPT #GPT #Chat #NFT #AI #VR #XR #Brand #Startup #Branding #NFTs #DAO #DeFi 
#NFTRota #NFT #Rota #RiseoftheApes #Riseoftheape",JakartaX.com,Investor in #Crypto & #DomainNames. Selling: https://t.co/q31i3oeKTF https://t.co/2UbHnVNeFR https://t.co/UhT8TzBBah https://t.co/1eLCfjTFUm https://t.co/1lIWOY3wvT https://t.co/rbRdaCBuN3 https://t.co/HUU0elbPQR https://t.co/Cc7PtJP0vq https://t.co/C9J42k2Hri,2012-09-15 17:30:34+00:00,2343.0,4338.0,15594,FALSE,2023-04-02 13:17:04+00:00,,Twitter Web App
DoctorThackery,"#è‹±é›„è¯ç›Ÿ #NYOROROV #chatgpt #å•¾å•¾é‹ #å°è©å› 
Source: https://t.co/iLvsJZk38x https://t.co/AFXKyowWiU",,Hi guys:)Take you to experience the colorful game world.Just follow me.,2022-12-31 02:57:44+00:00,25.0,894.0,53,FALSE,2023-04-02 13:16:53+00:00,"['è‹±é›„è¯ç›Ÿ', 'NYOROROV', 'chatgpt', 'å•¾å•¾é‹', 'å°è©å›']",Twitter Web App
Ä±sÄ±É¹Éd ×ŸÇÉÉ¥É”Ä±É¯ ğŸ˜·,"I just wanted to see how it thinks!  But the sudden ending of the ""Word Game"" I just played with #ChatGPT was NOT what I was expecting.  And it ended up being just so, so perfect!! https://t.co/Q79byYnRdO",USA,Level 1 Human with No Class.  Anti-Theist and Anti-t***p.  WTF is wrong with you people?!  LOCK HIM UP!!  Pack the court!!  #MaskUp,2007-03-19 07:19:18+00:00,1946.0,3646.0,16777,FALSE,2023-04-02 13:16:11+00:00,['ChatGPT'],Twitter for iPhone
Best MidJourneyAI Generated ArtğŸ¤–ğŸ¨,"#MidJourney #OpenAi #GPT #StableDiffusion2 #DallE #ChatGPT

#imagine grey catfolk shooting a gunblade, g...

......:detailed promptğŸ‘‰ğŸ¼learn more: https://t.co/rlyimpQw40 https://t.co/O1gc258CLH",,"We allow Ai to be the artist! Our account is devoted to AI generated art, giving a voice to the disembodied creativity of machines. #MidJourney #AiArtis #Ai",2022-08-27 13:00:55+00:00,841.0,46.0,377,FALSE,2023-04-02 13:16:07+00:00,"['MidJourney', 'OpenAi', 'GPT', 'StableDiffusion2', 'DallE', 'ChatGPT', 'imagine']",IFTTT
Amperly AI insights,"Sell more to the #B2C customers! Use this prompt for #ChatGPT or #Bing:

My customers want a [product, service]. How will the make their money back? What are the benefits of the [product, service] to the customer?

Try it now! #Productivity",Free Updatesâ†’,"Latest insights on AI to stay ahead of the competition.

Follow for updates on how AI drives growth, efficiency, and productivity. AIÂ²",2022-11-12 17:52:18+00:00,199.0,53.0,794,FALSE,2023-04-02 13:16:00+00:00,"['B2C', 'ChatGPT', 'Bing']",SocialChamp IO 
Sandeep Halemani,"Question: How the domain name https://t.co/eKcCSTpVqL can be used for an automation tool that uses #ChatGPT API and relevant API integrations.

#domainsforsale #domain #GPT #AI #ArtificialIntelligence #SoftwareDeveloper #development #softwaredevelopment #webdevelopment

Answer: https://t.co/yo3QelUREt",India,"In the digital world, your domain name is the only way for your customers to find you, remember you, return to you, and recommend you!",2019-03-18 15:08:00+00:00,528.0,587.0,13255,FALSE,2023-04-02 13:15:16+00:00,['ChatGPT'],Twitter Web App
Boubs4444,"A couple of things to recognize right/good people :
1/ humble enough not to talk about things they didn't really know / experiment
2/ not envying other people for no reason
3/ always learning from other people's views and never pretending to have ""the Truth""
#ChatGPT #AI #OpenAI https://t.co/OiF00pnt62","Paris, France",ğŸŒğŸ‡¨ğŸ‡µğŸ‡¸ğŸ‡³ğŸ‡¹ğŸ‡¬ğŸ‡©ğŸ‡ªğŸ‡ªğŸ‡¸ğŸ‡²ğŸ‡¦ğŸ‡®ğŸ‡¹ğŸ‡¨ğŸ‡­ğŸ‡§ğŸ‡ªğŸ‡³ğŸ‡±ğŸ‡±ğŸ‡ºğŸ‡¦ğŸ‡¹ğŸ‡·ğŸ‡¼ğŸ‡¨ğŸ‡®ğŸ‡¬ğŸ‡­ğŸ‡¹ğŸ‡·ğŸ‡¨ğŸ‡¦ğŸ‡µğŸ‡±ğŸ‡¨ğŸ‡¿ğŸ‡µğŸ‡¹ğŸ‡¹ğŸ‡³ğŸ‡©ğŸ‡°ğŸ‡¸ğŸ‡ªğŸ‡¬ğŸ‡·ğŸ‡²ğŸ‡ª...I BRING WHAT I LOVEğŸ«¶â¤ï¸#Tech #Yassa #BuenaOnda #PazğŸ•Šï¸,2009-10-12 18:20:34+00:00,46.0,23.0,6,FALSE,2023-04-02 13:15:09+00:00,,Twitter for Android
Mint,"As the battle of the AIs continue between Microsoft backed Open AI's #ChatGPT &amp; #Google's Bard, Sundar Pichai has informed that the tech giant's ChatGPT contemporary will  switch over to more powerful language model.

https://t.co/c0CnM1LE16",India,"Breaking news and analyses of Indian and world business, economy and politics from Mint.",2008-11-27 09:07:38+00:00,2086655.0,94.0,467,TRUE,2023-04-02 13:15:00+00:00,"['ChatGPT', 'Google']",TweetDeck
sakuya,"#Chilled_re_generic 
#AIart 
#stablediffusion 
#OpenAI 
#ChatGPT
Which color do you like? https://t.co/uM0gQXDx4a",,"Generative AI Enthusiast ,non-engineer ,non-creator ,non designer",2023-02-18 13:48:21+00:00,5407.0,85.0,703,FALSE,2023-04-02 13:15:00+00:00,"['Chilled_re_generic', 'AIart', 'stablediffusion', 'OpenAI', 'ChatGPT']",Twitter Web App
Raffid Ejaz,"6 ChatGPT Chrome Extensions You Must TryğŸ‘‡
#ChatGPT 

1. AIPRM for ChatGPT
2. ChatGPT for Search Engines
3. WebChatGPT
4. ChatGPT Writer-for Gmail
5. ChatGPT Prompt Genius
6. Youtube Summary with ChatGPT",,Influencer Marketing || Social Media Marketing || Pakistan ğŸ‡µğŸ‡° || Freelancer,2022-03-31 21:09:06+00:00,27.0,734.0,8318,FALSE,2023-04-02 13:14:59+00:00,['ChatGPT'],Twitter for Android
Bitone Great,"ğŸš¨Time to Buy!ğŸš¨
ğŸ’°#Binance SpotğŸ’°
â¬†ï¸ Recommendation: #Long ğŸŸ¢
Ticker:  #IOTXUSDT
Time Interval:  5min
Last Price: 0.02621
ğŸŸ¢ RSI: 14.1

Powered by #ChatGPT

$IOTX
#IOTX

What are you gonna do?
   LONG         WAIT           SHORT
        ğŸ‘‡               ğŸ‘‡               ğŸ‘‡",,"#ChatGPT (AI) powered Free Trading Signal! 
Let's grow some millionaires! 
#binance #bybit #bitget",2022-11-21 04:42:18+00:00,1093.0,492.0,47,FALSE,2023-04-02 13:14:47+00:00,"['Binance', 'Long', 'IOTXUSDT']",rsi1
Dr. Monika Sonu I Founder Healthinnovationtoolbox,"#AI News &amp; Highlights: March 2023 
by Steve Nouri  ğŸš€ğŸš€ğŸš€

#technology #data #ArtificialIntelligence #automation #digitalhealth #healthtech #IoT #technology #OpenAI #OpenAIChatGPT #ChatGPT #5G #telehealth #mhealth #AI #startups #Chatbots #virtualassistant 

@Khulood_Almaniâ€¦ https://t.co/RKaWihu7gI https://t.co/ylXNgZRxGW",Bangalore,HIMSSFUTURE50-INNOVATION LEADER  https://t.co/qvxobl1Ksi I Doctor+Entrepreneur I #Healthtech I #digitalhealth I #AI I #Innovation I #healthcare I #Metaverse #Blockchain,2018-08-04 07:05:24+00:00,15822.0,12403.0,29194,FALSE,2023-04-02 13:14:42+00:00,"['AI', 'technology', 'data', 'ArtificialIntelligence', 'automation']",Twitter Web App
Bitone Great,"ğŸš¨Get In!ğŸš¨
ğŸ’°#Binance SpotğŸ’°
â¬†ï¸ Recommendation: #Long ğŸŸ¢
Ticker:  #ARPAUSDT
Time Interval:  5min
Last Price: 0.0407
ğŸŸ¢ RSI: 10.9

Powered by #ChatGPT

$ARPA
#ARPA

What are you gonna do?
   LONG         WAIT           SHORT
        ğŸ‘‡               ğŸ‘‡               ğŸ‘‡",,"#ChatGPT (AI) powered Free Trading Signal! 
Let's grow some millionaires! 
#binance #bybit #bitget",2022-11-21 04:42:18+00:00,1093.0,492.0,47,FALSE,2023-04-02 13:14:29+00:00,"['Binance', 'Long', 'ARPAUSDT']",rsi1
Pirate Mike,#ChatGPT is a tool do not become dependent upon it,"Bristol, VA",Author | Crypto Educator | Investor | Mental Health Advocate | I Take People By The Hand & Teach Them How To Make Money | Check The Link Below â¬‡ï¸,2022-10-14 13:48:58+00:00,513.0,4935.0,1698,FALSE,2023-04-02 13:14:27+00:00,['ChatGPT'],Twitter for iPhone
Most Bayâ–¶ï¸,"RiverRise(.)com SOLD for $2,288 -BuyDomains, April 2023.(not mine)
https://t.co/oAtQ5nbIlu ğŸ’¯ 
&gt; Available for immediate acquisition.
&gt; Visit the link for details.

#Domains #ChatGPT #GPT #Chat #NFT #AI #VR #XR #Startup #Branding #NFTs #DAO #DeFi 
#ChatEmoji #Emoji #ChatAI",JakartaX.com,Investor in #Crypto & #DomainNames. Selling: https://t.co/q31i3oeKTF https://t.co/2UbHnVNeFR https://t.co/UhT8TzBBah https://t.co/1eLCfjTFUm https://t.co/1lIWOY3wvT https://t.co/rbRdaCBuN3 https://t.co/HUU0elbPQR https://t.co/Cc7PtJP0vq https://t.co/C9J42k2Hri,2012-09-15 17:30:34+00:00,2343.0,4338.0,15594,FALSE,2023-04-02 13:14:06+00:00,,Twitter Web App
fracksix,#ChatGPT cannot save us. https://t.co/tmAMM5zdzu,,,2023-03-07 18:17:30+00:00,3.0,28.0,0,FALSE,2023-04-02 13:13:58+00:00,['ChatGPT'],Twitter for iPhone
Kalina Kalinova,"FREE Social Ping Submission 138 Directories
https://t.co/ng4zEA8ZVv
#FREE #Social #Ping #Submission 138 #Directories #SEO #ChatGPT",,,2023-02-01 03:20:45+00:00,107.0,387.0,249,FALSE,2023-04-02 13:13:49+00:00,"['FREE', 'Social', 'Ping', 'Submission', 'Directories', 'SEO', 'ChatGPT']",Twitter Web App
Sundar Narasimhan,"Great discussion at @theallinpod esp. regarding content islands, blockers and barriers to entry with  @chamath (wait-and-see) @DavidSacks (@OpenAI #chatgpt wins). This has been playing out in #travel for the past decade with flights evolving quite differently than hotels. ğŸ§µ 1/2 https://t.co/ZLBl6hTD18",,,2012-02-19 20:32:50+00:00,99.0,1058.0,1175,FALSE,2023-04-02 13:13:37+00:00,,Twitter for Android
Most Bayâ–¶ï¸,"ClientFinancing(.)com SOLD for $2,288 -BuyDomains, April 2023.(not mine)
https://t.co/4ZlLC8TDJa -Price dropped ğŸ’¯ 
&gt; Available for immediate acquisition.
&gt; Visit the link for details.

#Domains #ChatGPT #GPT #Chat #NFT #AI   
#ITCLogistic #ITC #Logistic #Courier #Cargo #Delivery",JakartaX.com,Investor in #Crypto & #DomainNames. Selling: https://t.co/q31i3oeKTF https://t.co/2UbHnVNeFR https://t.co/UhT8TzBBah https://t.co/1eLCfjTFUm https://t.co/1lIWOY3wvT https://t.co/rbRdaCBuN3 https://t.co/HUU0elbPQR https://t.co/Cc7PtJP0vq https://t.co/C9J42k2Hri,2012-09-15 17:30:34+00:00,2343.0,4338.0,15594,FALSE,2023-04-02 13:12:06+00:00,,Twitter Web App
Alvaro Ramirez,"chatgpt-shell now offers a post-processing customization in case you'd like to feed its output elsewhere, maybe ielm?

Set `chatgpt-shell-response-post-process-function` for this.

https://t.co/5oRs9IKnbK

#emacs #chatgpt https://t.co/N0SmX7TpgI","In Emacs, somewhere in London",https://t.co/cWRvlp5UQ0,2010-03-03 14:23:24+00:00,523.0,1097.0,1251,FALSE,2023-04-02 13:11:55+00:00,,Twitter Web App